{"days_in": 22, "days_out": 21, "kernel_size": 12, "num_filters": 8, "weight_norm": false, "likelihood": null, "dilation_base": 2, "dropout": 0.2450924925167053, "lr": 0.016700470498967442}