{"days_in": 20, "days_out": 19, "kernel_size": 10, "num_filters": 8, "weight_norm": true, "likelihood": null, "dilation_base": 2, "dropout": 0.11510673572598262, "lr": 0.06736291772992456}